,Open,High,Low,Close,Adj Close,Volume
2021-09-23,190.0,190.6988882204071,189.76603981011698,190.0,190.0,879048
2021-09-24,191.06226495704834,192.27419045646812,190.784979372838,191.06226495704834,191.06226495704834,1343534
2021-09-25,192.84518303173257,193.7666815736925,192.47901148101465,192.84518303173257,192.84518303173257,753325
2021-09-26,190.69694761757907,191.15565132980274,190.62803235788726,190.69694761757907,190.69694761757907,820806
2021-09-27,178.28293763553035,179.5041110278949,176.99327021865395,178.28293763553035,178.28293763553035,1083959
2021-09-28,175.82233589010795,177.91870149990282,174.47511946616584,175.82233589010795,175.82233589010795,920103
2021-09-29,169.18407139623076,169.8214469680133,168.24734109869644,169.18407139623076,169.18407139623076,969990
2021-09-30,166.72985585864922,168.11647009666083,166.57158130634394,166.72985585864922,166.72985585864922,633488
2021-10-01,167.9370969586196,168.43212366142356,166.29083260104912,167.9370969586196,167.9370969586196,1249221
2021-10-02,169.03584376156792,169.2033070970096,166.38913955380795,169.03584376156792,169.03584376156792,836188
2021-10-03,174.7891913362744,176.93250870926755,174.06822495481688,174.7891913362744,174.7891913362744,970922
2021-10-04,165.23274650621516,166.45802447073012,163.0758546996629,165.23274650621516,165.23274650621516,921357
2021-10-05,166.18410258021626,166.84032632952344,165.98353129303376,166.18410258021626,166.18410258021626,1325495
2021-10-06,168.8827536386714,169.86680087605788,168.79167732507187,168.8827536386714,168.8827536386714,737240
2021-10-07,176.10719550807207,176.72470549866085,175.57766905759135,176.10719550807207,176.10719550807207,1038427
2021-10-08,181.6318315785175,181.9016868959758,181.30855067989899,181.6318315785175,181.6318315785175,974373
2021-10-09,185.6146911367337,186.83500991306255,185.3791660542091,185.6146911367337,185.6146911367337,640075
2021-10-10,175.6488837217557,175.92037152833464,175.28563792330263,175.6488837217557,175.6488837217557,1229595
2021-10-11,178.27774248672043,178.75617649161228,177.7903192778452,178.27774248672043,178.27774248672043,987219
2021-10-12,185.53774800710258,185.83434415969984,184.50919979203218,185.53774800710258,185.53774800710258,755273
2021-10-13,180.91753663726078,181.25287819234413,179.51736731854828,180.91753663726078,180.91753663726078,783921
2021-10-14,179.79881518408092,180.36171704702025,178.4607695903653,179.79881518408092,179.79881518408092,836459
2021-10-15,179.20598879308042,179.51807445291277,178.33462072128196,179.20598879308042,179.20598879308042,1359691
2021-10-16,176.92292984637123,177.25168028089686,176.79159416565176,176.92292984637123,176.92292984637123,1298831
2021-10-17,179.65188392788718,180.08510670745176,179.39177240236648,179.65188392788718,179.65188392788718,622212
2021-10-18,177.2176358701988,178.20477842806838,175.93836556113206,177.2176358701988,177.2176358701988,997908
2021-10-19,176.6023174114343,177.89947584318242,176.17413358668722,176.6023174114343,176.6023174114343,1136561
2021-10-20,173.81852933161028,173.85512923296122,172.87326830376736,173.81852933161028,173.81852933161028,463609
2021-10-21,179.0917037326632,179.70906142760472,179.00755371160048,179.0917037326632,179.0917037326632,1174149
2021-10-22,182.47472253108955,183.8713916249236,181.73366681219193,182.47472253108955,182.47472253108955,1084270
2021-10-23,179.93427686384555,180.93196881616208,179.65890219136625,179.93427686384555,179.93427686384555,435140
2021-10-24,182.2379219098079,183.1491634527848,181.00873231320801,182.2379219098079,182.2379219098079,1171728
2021-10-25,183.024214820128,183.65885333567206,180.86505549880445,183.024214820128,183.024214820128,968571
2021-10-26,179.45933780523777,180.12221458160823,178.27869510545816,179.45933780523777,179.45933780523777,1272240
2021-10-27,183.63621000510747,183.69319480233833,183.23892945851495,183.63621000510747,183.63621000510747,547416
2021-10-28,175.14151607602255,175.85418721387754,175.128162066328,175.14151607602255,175.14151607602255,1284674
2021-10-29,179.44278367972436,179.57681619285992,177.67691579263752,179.44278367972436,179.44278367972436,1378446
2021-10-30,177.1530836979198,177.39852655556106,176.7994383483575,177.1530836979198,177.1530836979198,1060270
2021-10-31,173.384916667957,173.85459994487022,171.90468789368862,173.384916667957,173.384916667957,1100629
2021-11-01,172.73090131798227,172.91784173016123,172.3549365876356,172.73090131798227,172.73090131798227,869130
2021-11-02,174.9853328325959,175.10942413087417,174.29550914268967,174.9853328325959,174.9853328325959,1290846
2021-11-03,175.49608558974393,175.89266850665422,173.60065567564615,175.49608558974393,175.49608558974393,974102
2021-11-04,169.2967835348154,169.42086543882647,168.85921205280084,169.2967835348154,169.2967835348154,979603
2021-11-05,174.07213871794605,174.36183446139762,173.20939369931463,174.07213871794605,174.07213871794605,880867
2021-11-06,168.72640770290997,169.52728587484074,167.21027521567711,168.72640770290997,168.72640770290997,1026485
2021-11-07,168.30556781465708,168.81658805808632,166.44919444431645,168.30556781465708,168.30556781465708,1240151
2021-11-08,175.597128544034,175.91908934647918,174.07948931834918,175.597128544034,175.597128544034,844543
2021-11-09,180.33272036176302,181.142822095711,179.43218595915602,180.33272036176302,180.33272036176302,868786
2021-11-10,181.82611561239213,182.38423842830235,181.6360387983929,181.82611561239213,181.82611561239213,1096421
2021-11-11,178.44828469635198,178.81675403158755,177.78086753282784,178.44828469635198,178.44828469635198,904500
2021-11-12,189.21284497454928,190.05358289649766,188.61475149861667,189.21284497454928,189.21284497454928,1488938
2021-11-13,184.04973894070588,185.14574757352537,183.51161845853898,184.04973894070588,184.04973894070588,825159
2021-11-14,190.19792349828833,190.67114506226514,189.33418361767758,190.19792349828833,190.19792349828833,1004141
2021-11-15,189.4633677056349,189.85368526433544,188.3108314775544,189.4633677056349,189.4633677056349,1130208
2021-11-16,185.19898197884936,185.46230873192582,184.75256544746057,185.19898197884936,185.19898197884936,976682
2021-11-17,185.54029212531125,185.6468237863459,184.65935596887184,185.54029212531125,185.54029212531125,830110
2021-11-18,192.1054501328523,192.16704886336308,190.999215329519,192.1054501328523,192.1054501328523,647720
2021-11-19,193.14577182091313,193.27158774897046,192.7626738008662,193.14577182091313,193.14577182091313,1420201
2021-11-20,181.8191342582749,183.7102811833198,180.9331249714385,181.8191342582749,181.8191342582749,1170544
2021-11-21,182.4621910169142,182.54367511177577,181.9616539311869,182.4621910169142,182.4621910169142,1231177
2021-11-22,184.1269187439876,185.43198510364093,183.66581278586503,184.1269187439876,184.1269187439876,613211
2021-11-23,185.96922702536884,186.19900094725986,184.23509989553264,185.96922702536884,185.96922702536884,680121
2021-11-24,187.34759265131152,188.4218056401056,185.96963237718427,187.34759265131152,187.34759265131152,632368
2021-11-25,194.54558739859567,195.27837554252466,194.25033209493958,194.54558739859567,194.54558739859567,920646
2021-11-26,197.98898018333722,199.18795037235512,197.26270438420104,197.98898018333722,197.98898018333722,1012481
2021-11-27,199.55147978288105,200.53835119479845,198.92356423094517,199.55147978288105,199.55147978288105,1454687
2021-11-28,202.55763318574856,203.1041349486472,200.4422713993485,202.55763318574856,202.55763318574856,805886
2021-11-29,211.48029215685395,212.00207891824576,210.4950140864661,211.48029215685395,211.48029215685395,354041
2021-11-30,218.7913466079967,219.50337230330038,217.79517336806364,218.7913466079967,218.7913466079967,1028680
2021-12-01,223.04756653507812,224.1555140179496,221.8743195848358,223.04756653507812,223.04756653507812,861279
2021-12-02,224.59984398221656,226.18420050243486,224.23559351125334,224.59984398221656,224.59984398221656,1319836
2021-12-03,230.25058537957213,230.98223636277552,230.07753109242736,230.25058537957213,230.25058537957213,371917
2021-12-04,221.59171246412714,221.76106928770704,220.4023832519144,221.59171246412714,221.59171246412714,1285833
2021-12-05,226.1962573548116,226.96229109067426,225.78930528500916,226.1962573548116,226.1962573548116,1224132
2021-12-06,221.0424199670128,222.12354226499494,220.01226948302798,221.0424199670128,221.0424199670128,873831
2021-12-07,216.20800787747277,216.64298614307992,215.59401457494423,216.20800787747277,216.20800787747277,572612
2021-12-08,225.33411573654544,225.60564219691065,224.85466557518922,225.33411573654544,225.33411573654544,1184799
2021-12-09,231.7130858100456,232.37809916004693,230.6831720044644,231.7130858100456,231.7130858100456,1446217
2021-12-10,232.2117553069367,232.2747956831103,230.9304360612373,232.2117553069367,232.2117553069367,1331979
2021-12-11,244.30655070015038,245.54837592504043,243.02054041155452,244.30655070015038,244.30655070015038,748100
2021-12-12,236.98223873941308,238.313724514235,236.71366549558016,236.98223873941308,236.98223873941308,22455
2021-12-13,235.4589197273539,236.02921794136014,234.67527831461507,235.4589197273539,235.4589197273539,687094
2021-12-14,244.6356758565613,245.05011032062845,243.74864429365843,244.6356758565613,244.6356758565613,848209
2021-12-15,254.06762045858952,255.18183143837007,253.07891060908335,254.06762045858952,254.06762045858952,1294257
2021-12-16,241.22110270415394,242.02908538786204,240.18539321299113,241.22110270415394,241.22110270415394,927128
2021-12-17,246.60217343819446,246.88292389394152,246.11163051934622,246.60217343819446,246.60217343819446,851482
2021-12-18,246.63898454042103,248.91634306803113,246.2670105152642,246.63898454042103,246.63898454042103,980146
2021-12-19,252.63387159404542,253.12545617078905,251.82979573212737,252.63387159404542,252.63387159404542,1200163
2021-12-20,250.174838769693,250.26785581810688,249.3662002654861,250.174838769693,250.174838769693,319784
2021-12-21,246.7619940405247,247.25907047534855,246.15822854135607,246.7619940405247,246.7619940405247,748219
2021-12-22,243.4614749024684,244.0270930212911,242.54655822728054,243.4614749024684,243.4614749024684,815576
2021-12-23,254.16479704230466,254.93317052508735,254.13299739022554,254.16479704230466,254.16479704230466,847922
2021-12-24,251.0327615092873,251.6698665515829,249.2731434906306,251.0327615092873,251.0327615092873,805923
2021-12-25,242.83809721260783,243.92830661989984,242.77685500946887,242.83809721260783,242.83809721260783,1241994
2021-12-26,222.46562097965906,222.70626479291397,221.12387060535582,222.46562097965906,222.46562097965906,391254
2021-12-27,229.0131450210919,230.20297050507537,228.51781259017253,229.0131450210919,229.0131450210919,1132057
2021-12-28,232.1361095624111,232.6480966839168,231.72557777415048,232.1361095624111,232.1361095624111,905827
2021-12-29,232.6103201501887,232.73419056937882,232.24938064791513,232.6103201501887,232.6103201501887,1032010
2021-12-30,222.28695503509823,223.82498612748603,222.15863342490792,222.28695503509823,222.28695503509823,1209125
2021-12-31,210.54391629089136,211.4655407295896,209.58707090657254,210.54391629089136,210.54391629089136,1169469
2022-01-01,205.30525064777635,206.15901515570164,204.93279056864745,205.30525064777635,205.30525064777635,1557049
2022-01-02,190.6758956698776,191.36395870318242,190.33550538510715,190.6758956698776,190.6758956698776,730722
2022-01-03,192.9751742023176,193.2291294160013,192.80136414477406,192.9751742023176,192.9751742023176,1093595
2022-01-04,188.57107908044853,189.72647212881097,188.50568811269852,188.57107908044853,188.57107908044853,1027251
2022-01-05,186.1521827972908,186.65165224623644,184.71676300399386,186.1521827972908,186.1521827972908,1002601
2022-01-06,186.68453186318095,186.8054094250315,185.80394415942376,186.68453186318095,186.68453186318095,699323
2022-01-07,196.27614137774674,196.9848605134735,193.92571719596515,196.27614137774674,196.27614137774674,1206632
2022-01-08,188.58559121621445,188.5877988920942,188.1869002168239,188.58559121621445,188.58559121621445,964177
2022-01-09,189.23475148029507,189.29462307382687,187.730464241677,189.23475148029507,189.23475148029507,859720
2022-01-10,191.0289838237216,191.9360334491831,190.69527027875435,191.0289838237216,191.0289838237216,1314528
2022-01-11,186.89555865480952,186.98331377728573,185.0507049497007,186.89555865480952,186.89555865480952,1187720
2022-01-12,194.5082310778634,194.59427872539464,194.3429037135644,194.5082310778634,194.5082310778634,966122
2022-01-13,199.0805471229787,199.8094807046798,198.9066425578259,199.0805471229787,199.0805471229787,931051
2022-01-14,191.49646241452362,191.8167193064252,191.2395310147519,191.49646241452362,191.49646241452362,735734
2022-01-15,199.34436727504874,200.65430392005794,199.2659899409432,199.34436727504874,199.34436727504874,865061
2022-01-16,196.99664440020976,197.78462252492696,195.70446002878555,196.99664440020976,196.99664440020976,1148219
2022-01-17,201.6853855079305,202.25999343405337,200.89256797680443,201.6853855079305,201.6853855079305,962653
2022-01-18,201.42652859014476,201.78869228376334,201.20470880837908,201.42652859014476,201.42652859014476,810923
2022-01-19,195.56559436788805,195.91086894578592,194.1022080181481,195.56559436788805,195.56559436788805,1265565
2022-01-20,187.29447743953477,188.6709545300218,186.7812467337423,187.29447743953477,187.29447743953477,1006777
2022-01-21,174.9513268329985,175.48608638698795,174.35091907983255,174.9513268329985,174.9513268329985,889828
2022-01-22,174.14255603375028,175.56544952705875,173.57633162481682,174.14255603375028,174.14255603375028,1415647
2022-01-23,173.34384872349779,174.6216476404839,172.0210336550745,173.34384872349779,173.34384872349779,1224572
2022-01-24,174.043049930256,174.26069237882788,173.3018485979169,174.043049930256,174.043049930256,1639641
2022-01-25,178.09507869828514,180.01588262300615,177.47938102260707,178.09507869828514,178.09507869828514,484527
2022-01-26,172.26120519317976,172.79848173945476,171.71051916125666,172.26120519317976,172.26120519317976,680766
2022-01-27,172.04051672658557,172.2820378615764,171.71484814399102,172.04051672658557,172.04051672658557,989511
2022-01-28,174.48391016218744,175.8250573276375,174.37849311834793,174.48391016218744,174.48391016218744,806202
2022-01-29,182.54004802720863,182.7976428999893,181.58028320268357,182.54004802720863,182.54004802720863,568660
2022-01-30,180.43941877928117,182.12458617194056,179.69154367018467,180.43941877928117,180.43941877928117,1048737
2022-01-31,178.7510199659741,179.3367170435007,177.9740159495002,178.7510199659741,178.7510199659741,541226
2022-02-01,174.9275915625095,175.38769248921975,173.8757510892304,174.9275915625095,174.9275915625095,876335
2022-02-02,171.97771040262276,172.8627508473187,170.66026924812755,171.97771040262276,171.97771040262276,705021
2022-02-03,171.9393510831184,172.74106311076213,171.83360948728134,171.9393510831184,171.9393510831184,1127775
2022-02-04,168.3042578977461,168.57503899690886,168.0741686389755,168.3042578977461,168.3042578977461,354446
2022-02-05,168.77560373193788,168.91764736309406,166.81617530388863,168.77560373193788,168.77560373193788,1365913
2022-02-06,168.48353441372828,169.50319802837853,167.57709006506465,168.48353441372828,168.48353441372828,1172403
2022-02-07,168.44868577148173,169.01494024439094,167.20379636684441,168.44868577148173,168.44868577148173,931490
2022-02-08,169.45236875165307,169.7317003559436,168.59165935837677,169.45236875165307,169.45236875165307,1224162
2022-02-09,173.7060478024059,174.43868620582063,172.78250482311776,173.7060478024059,173.7060478024059,1642107
2022-02-10,165.32592092103164,166.04005262015767,164.3151532114467,165.32592092103164,165.32592092103164,1130194
2022-02-11,162.78182242450526,163.32393232808698,161.27512510032986,162.78182242450526,162.78182242450526,1477966
2022-02-12,159.5877417730948,159.85455832225927,159.56581289092455,159.5877417730948,159.5877417730948,1178927
2022-02-13,158.69310006455316,158.80194794921061,158.5188617206252,158.69310006455316,158.69310006455316,1063004
2022-02-14,161.92614436981603,163.03755602097573,161.18032651679954,161.92614436981603,161.92614436981603,1102781
2022-02-15,167.22688788191402,167.80515777216533,167.16376111195044,167.22688788191402,167.22688788191402,792137
2022-02-16,164.80736989197771,166.23419803664586,164.33671202275892,164.80736989197771,164.80736989197771,1011018
2022-02-17,167.80911885591422,168.01822771570443,167.19895138907538,167.80911885591422,167.80911885591422,1132379
2022-02-18,162.2140170966353,162.43807589188532,161.16843603483485,162.2140170966353,162.2140170966353,1002154
2022-02-19,158.7455904755097,159.21340039818392,158.5050267617756,158.7455904755097,158.7455904755097,517750
2022-02-20,158.14251727350083,158.92991353516837,158.00468036714562,158.14251727350083,158.14251727350083,1170926
2022-02-21,161.79921404113495,163.4396069661348,161.31515096578576,161.79921404113495,161.79921404113495,1156852
2022-02-22,162.31790863711035,162.93777137264524,161.76016151380088,162.31790863711035,162.31790863711035,646389
2022-02-23,164.57366645893842,164.78122118064428,164.3505132139724,164.57366645893842,164.57366645893842,1267014
2022-02-24,165.78137951933797,165.7898087778615,163.6209844978174,165.78137951933797,165.78137951933797,694924
2022-02-25,164.97254384760447,165.3700239011601,164.80112030551933,164.97254384760447,164.97254384760447,985403
2022-02-26,156.14243589882457,157.37209575372398,155.90281670473445,156.14243589882457,156.14243589882457,1032402
2022-02-27,163.00220991867303,163.6114416008797,162.6455505748606,163.00220991867303,163.00220991867303,1366782
2022-02-28,161.8446977681464,162.90313734772636,161.2932531113343,161.8446977681464,161.8446977681464,1028561
2022-03-01,165.83942357334539,166.75599563380206,165.47307763230754,165.83942357334539,165.83942357334539,1039979
2022-03-02,158.4216101187879,158.52336152871936,156.71796663103518,158.4216101187879,158.4216101187879,673650
2022-03-03,155.3393834271482,156.2461843875635,154.01097195745805,155.3393834271482,155.3393834271482,912745
2022-03-04,151.35644309366114,151.70354656165196,150.66502774555687,151.35644309366114,151.35644309366114,862675
2022-03-05,151.22194316922116,151.59464577811013,150.50481919619253,151.22194316922116,151.22194316922116,371685
2022-03-06,158.99215075257217,160.34435327637988,158.72673161825597,158.99215075257217,158.99215075257217,1431110
2022-03-07,161.5589741059275,161.7140068149295,159.85662107066452,161.5589741059275,161.5589741059275,916542
2022-03-08,157.13996076742853,157.77044060837213,156.93623117736288,157.13996076742853,157.13996076742853,980218
2022-03-09,156.10597536911047,156.35635664739223,155.23736985534774,156.10597536911047,156.10597536911047,1372699
2022-03-10,156.29093932612983,156.50205116861457,155.49996138738157,156.29093932612983,156.29093932612983,1054124
2022-03-11,159.2791231730256,160.63586067292022,158.75653944404905,159.2791231730256,159.2791231730256,1027926
2022-03-12,164.7051731703401,165.16962465864668,163.42179912187765,164.7051731703401,164.7051731703401,991576
2022-03-13,167.57004675345274,169.11973399725383,166.25758888516276,167.57004675345274,167.57004675345274,392762
2022-03-14,165.74613098229287,166.1512770953556,165.7130687742004,165.74613098229287,165.74613098229287,1095820
2022-03-15,166.20853594163162,166.45381157161927,165.13056278133388,166.20853594163162,166.20853594163162,1350978
2022-03-16,170.96695452980367,172.79619055330454,170.03305347872998,170.96695452980367,170.96695452980367,697310
2022-03-17,173.65275347613613,173.891743016234,173.2778324585109,173.65275347613613,173.65275347613613,1435242
2022-03-18,175.63920646118027,175.77751350950308,175.46633480591845,175.63920646118027,175.63920646118027,1208397
2022-03-19,179.24375082310397,179.50884270662522,178.55765363754315,179.24375082310397,179.24375082310397,821877
2022-03-20,176.56007812041787,177.08954307765316,176.27651701799638,176.56007812041787,176.56007812041787,1234452
2022-03-21,173.92818252070924,174.5267389256536,173.736357171174,173.92818252070924,173.92818252070924,594208
2022-03-22,179.51903990681402,179.60486480551847,178.57503765052726,179.51903990681402,179.51903990681402,957348
2022-03-23,177.79790016057964,177.97784615650534,176.3176725567057,177.79790016057964,177.79790016057964,483352
2022-03-24,170.24501617585406,170.25535820931458,170.05945207554126,170.24501617585406,170.24501617585406,1154108
2022-03-25,175.03964589142726,175.3708635654858,174.77333683432292,175.03964589142726,175.03964589142726,648543
2022-03-26,176.18176347112347,177.2044728950909,175.80808161223513,176.18176347112347,176.18176347112347,1021413
2022-03-27,174.99006157743565,175.35969961358475,174.74399826403936,174.99006157743565,174.99006157743565,750470
2022-03-28,173.12931219848508,173.3193646145579,172.88300892570277,173.12931219848508,173.12931219848508,798864
2022-03-29,167.97675818932464,169.218414217495,167.8851495594439,167.97675818932464,167.97675818932464,870682
2022-03-30,171.3036924589432,171.57224496322257,170.56293669811143,171.3036924589432,171.3036924589432,631537
2022-03-31,175.89135220836687,176.65474591681007,175.00286493304054,175.89135220836687,175.89135220836687,1108986
2022-04-01,182.9922368904547,183.3823898139234,181.69224706991622,182.9922368904547,182.9922368904547,1101527
2022-04-02,173.7381284576803,173.94565666292814,172.8717341183008,173.7381284576803,173.7381284576803,1364518
2022-04-03,173.96951142512444,175.31463126720604,172.46152727436106,173.96951142512444,173.96951142512444,593201
2022-04-04,166.82194533898976,166.88633014559477,165.84010287913816,166.82194533898976,166.82194533898976,1361451
2022-04-05,164.71137914202734,164.78753841611078,164.21541157198985,164.71137914202734,164.71137914202734,1079884
2022-04-06,163.6288558978931,163.95475019514328,163.46238910372492,163.6288558978931,163.6288558978931,1343287
2022-04-07,164.48275225094469,165.36802030529137,164.35944337107338,164.48275225094469,164.48275225094469,1103029
2022-04-08,174.18779950086068,174.19630060522013,173.23601662723752,174.18779950086068,174.18779950086068,539086
2022-04-09,176.0451891214428,176.8045082227094,175.7859167162453,176.0451891214428,176.0451891214428,993410
2022-04-10,176.12358631224964,176.84595173576534,175.26176202216217,176.12358631224964,176.12358631224964,1305882
2022-04-11,174.5831275585411,175.07934205627188,174.39305363541683,174.5831275585411,174.5831275585411,1427406
2022-04-12,173.54842289302508,174.6906275098653,172.7698260771492,173.54842289302508,173.54842289302508,857253
2022-04-13,173.048218473969,174.18539694346387,172.75524046059613,173.048218473969,173.048218473969,1389223
2022-04-14,177.05689288843618,178.08699589411265,176.4278533167091,177.05689288843618,177.05689288843618,653724
2022-04-15,175.82407924239337,175.9292561302705,174.85474854373103,175.82407924239337,175.82407924239337,1097758
2022-04-16,174.66916933129514,175.05347771161786,173.91688230875698,174.66916933129514,174.66916933129514,1434632
2022-04-17,171.9664377736067,172.98755206740307,171.8484029988173,171.9664377736067,171.9664377736067,782828
2022-04-18,169.38456905847448,169.86987314873886,168.61388273818375,169.38456905847448,169.38456905847448,1310671
2022-04-19,171.88587901116003,173.41308551581378,171.86802294655058,171.88587901116003,171.88587901116003,1075481
2022-04-20,174.37142382571693,174.8055138452873,173.33239183372413,174.37142382571693,174.37142382571693,780991
2022-04-21,184.24642318111327,184.68958849381406,182.7299561501614,184.24642318111327,184.24642318111327,773472
2022-04-22,190.00679368987628,190.5161041912765,189.03491624755014,190.00679368987628,190.00679368987628,658920
2022-04-23,190.92552286548235,191.33228761951858,190.28763790103855,190.92552286548235,190.92552286548235,734111
2022-04-24,193.314954677543,194.4462913661039,192.49285663980825,193.314954677543,193.314954677543,1135925
2022-04-25,188.01727313573429,189.11777696496233,187.70789389345106,188.01727313573429,188.01727313573429,1441728
2022-04-26,194.31938822409668,194.70630025925945,194.03086484155136,194.31938822409668,194.31938822409668,1193483
2022-04-27,196.21151448471483,196.30257181443002,195.7331857305677,196.21151448471483,196.21151448471483,990394
2022-04-28,202.10752547073932,203.753361328209,201.66083721067858,202.10752547073932,202.10752547073932,818397
2022-04-29,196.60715810569425,196.75747794505008,195.77271980163485,196.60715810569425,196.60715810569425,944754
2022-04-30,201.165278069604,203.57722758211807,200.27581133047738,201.165278069604,201.165278069604,787507
2022-05-01,195.92248795020686,195.93689355769877,195.75536984706412,195.92248795020686,195.92248795020686,1035638
2022-05-02,203.192202531762,203.68954869555526,201.82131872790305,203.192202531762,203.192202531762,934176
2022-05-03,201.0188951960955,201.78993820714726,198.94938432745974,201.0188951960955,201.0188951960955,529492
2022-05-04,202.1601929094109,202.4315163250119,201.764567629099,202.1601929094109,202.1601929094109,1130532
2022-05-05,206.55005660777496,206.81581652958496,204.2430798722627,206.55005660777496,206.55005660777496,488470
2022-05-06,211.98408605310573,212.0354162007537,211.34178579801085,211.98408605310573,211.98408605310573,1436065
2022-05-07,216.31138217731714,217.26092518192166,215.68840268543946,216.31138217731714,216.31138217731714,1191584
2022-05-08,214.30333600450678,214.40451797159568,213.35311251833676,214.30333600450678,214.30333600450678,1108557
2022-05-09,214.1606986672686,215.06919817047404,213.04835602567988,214.1606986672686,214.1606986672686,981751
2022-05-10,223.02696714925517,223.45438788084817,220.9339831866076,223.02696714925517,223.02696714925517,1010866
2022-05-11,221.9054544411045,222.27776236456378,221.27649761631625,221.9054544411045,221.9054544411045,621526
2022-05-12,228.00167460864833,228.1012286978921,226.14974654949296,228.00167460864833,228.00167460864833,687792
2022-05-13,231.11974111842818,232.33590016075544,229.3594765753422,231.11974111842818,231.11974111842818,874775
2022-05-14,226.10546964735903,226.25355041354308,225.92482058250278,226.10546964735903,226.10546964735903,833569
2022-05-15,218.94148438986147,219.67554470286072,218.28957820164013,218.94148438986147,218.94148438986147,987593
2022-05-16,216.51067196882047,218.59186123809704,214.4716662183107,216.51067196882047,216.51067196882047,1329039
2022-05-17,208.8458192542139,210.55816023034467,207.78470280201236,208.8458192542139,208.8458192542139,557073
2022-05-18,199.4156661632002,199.4789442835624,198.02596573744833,199.4156661632002,199.4156661632002,944146
2022-05-19,184.73438376311879,185.86762893430935,184.06638441291526,184.73438376311879,184.73438376311879,880850
2022-05-20,188.91066299237303,189.43130533729754,187.92701248310505,188.91066299237303,188.91066299237303,1513570
2022-05-21,191.27935570958198,192.4271198451801,190.65739494003867,191.27935570958198,191.27935570958198,1225175
2022-05-22,187.31489369618498,188.01049667453088,185.90871672131723,187.31489369618498,187.31489369618498,819975
2022-05-23,185.47776787897055,185.63900630775444,185.08526717106315,185.47776787897055,185.47776787897055,774059
2022-05-24,189.26925194947512,189.77835848618457,188.96485809628322,189.26925194947512,189.26925194947512,1215443
2022-05-25,184.6059659752807,186.30468986067018,183.53826188083835,184.6059659752807,184.6059659752807,837594
2022-05-26,184.52326408711406,186.5974536699425,183.88471361799384,184.52326408711406,184.52326408711406,1043528
2022-05-27,180.5062624815108,180.5751873743067,179.01709956632496,180.5062624815108,180.5062624815108,1581358
2022-05-28,182.41827444233334,183.49748332409294,182.31246679097976,182.41827444233334,182.41827444233334,1015525
2022-05-29,186.50533930928796,186.7754809106017,186.4153234706301,186.50533930928796,186.50533930928796,428421
2022-05-30,177.9422523694731,178.6063855776419,177.3067730105693,177.9422523694731,177.9422523694731,706753
2022-05-31,176.3933514070941,177.13509141047734,175.2651134864649,176.3933514070941,176.3933514070941,1262506
2022-06-01,178.31119000124863,178.49539597856176,177.57555442511364,178.31119000124863,178.31119000124863,1216114
2022-06-02,185.27414225190572,185.71532456970297,184.2313325576471,185.27414225190572,185.27414225190572,1186803
2022-06-03,177.7985406330372,178.02759006555056,177.21084512975006,177.7985406330372,177.7985406330372,938986
2022-06-04,181.6426523075669,183.06786133556537,181.28312157439345,181.6426523075669,181.6426523075669,977105
2022-06-05,179.79431987617772,180.01596965993184,178.3637948021523,179.79431987617772,179.79431987617772,1558329
2022-06-06,172.02923157741475,172.51908282211843,171.77696037157523,172.02923157741475,172.02923157741475,1003383
2022-06-07,166.86818935224233,167.03301850649873,164.78906172218728,166.86818935224233,166.86818935224233,1381306
2022-06-08,165.63329092686797,165.90656302587342,165.28335916730083,165.63329092686797,165.63329092686797,1118214
2022-06-09,170.73384893996197,171.36942560356016,170.04287753928,170.73384893996197,170.73384893996197,1004450
2022-06-10,166.37674088991312,168.211010874889,166.31241306411317,166.37674088991312,166.37674088991312,1245652
2022-06-11,171.04603108387127,172.19230356295202,170.39719780721862,171.04603108387127,171.04603108387127,836224
2022-06-12,168.18951650744918,169.6102030170477,167.60960327066735,168.18951650744918,168.18951650744918,1069162
2022-06-13,166.12044860539282,166.9650405266814,165.77442349253678,166.12044860539282,166.12044860539282,287863
2022-06-14,169.22062273310837,169.40449828069805,168.34988214939622,169.22062273310837,169.22062273310837,1105324
2022-06-15,166.75535641683493,167.35633474805257,166.29764997535773,166.75535641683493,166.75535641683493,1172928
2022-06-16,170.61474909093516,170.70159787005073,169.60368604939842,170.61474909093516,170.61474909093516,803782
2022-06-17,165.3979697558605,165.9925480943827,164.2645539581509,165.3979697558605,165.3979697558605,1657155
2022-06-18,169.90656164556424,171.20582394112216,169.35119211315626,169.90656164556424,169.90656164556424,690842
2022-06-19,159.6160666736431,161.21967982031617,159.24771610946928,159.6160666736431,159.6160666736431,1317728
2022-06-20,152.5695206564579,153.37379946826513,152.3839709689687,152.5695206564579,152.5695206564579,1113847
2022-06-21,144.52303350857682,145.14048772360894,143.85696815482336,144.52303350857682,144.52303350857682,1414534
2022-06-22,142.8492199921492,143.02916493270726,141.85989923595926,142.8492199921492,142.8492199921492,1800759
2022-06-23,142.6531356987306,144.02085793414935,141.31772064685435,142.6531356987306,142.6531356987306,1258282
2022-06-24,140.84107698827881,141.4360890909687,140.58444622073753,140.84107698827881,140.84107698827881,693209
2022-06-25,142.72287649316593,143.50418253348067,142.43438887300363,142.72287649316593,142.72287649316593,1111067
2022-06-26,143.1153098611878,143.60578357362473,142.93411149065363,143.1153098611878,143.1153098611878,879197
2022-06-27,144.67144035113424,144.7734785783845,144.5392989267891,144.67144035113424,144.67144035113424,774746
2022-06-28,145.65919326854274,146.2522018784604,145.25715274889737,145.65919326854274,145.65919326854274,1167144
2022-06-29,142.69249273191593,143.57108457620927,142.68725291959302,142.69249273191593,142.69249273191593,743025
2022-06-30,141.5146951647142,142.8240663903091,140.06386712687325,141.5146951647142,141.5146951647142,761757
2022-07-01,145.890053138399,146.48523099205335,145.12630596323632,145.890053138399,145.890053138399,1321730
2022-07-02,144.5211825611297,145.3428113098091,144.21068314422425,144.5211825611297,144.5211825611297,1171654
2022-07-03,146.89783891761104,147.43478061388242,145.599741522696,146.89783891761104,146.89783891761104,1183952
2022-07-04,140.66701909738904,140.685926054102,140.5907350525257,140.66701909738904,140.66701909738904,955414
2022-07-05,140.69800145495202,141.01296562553978,140.138451571018,140.69800145495202,140.69800145495202,592756
2022-07-06,143.22632050083627,143.76655413864748,143.0329277443379,143.22632050083627,143.22632050083627,1093952
2022-07-07,147.29434324252003,147.32385753573158,145.6152733627729,147.29434324252003,147.29434324252003,1458586
2022-07-08,148.54977697368324,148.798298898688,147.51690946421925,148.54977697368324,148.54977697368324,888540
2022-07-09,147.08472720947466,147.26942294316265,146.7397527437991,147.08472720947466,147.08472720947466,795926
2022-07-10,147.54216171004978,147.57351478035721,146.5393974522799,147.54216171004978,147.54216171004978,1100288
2022-07-11,145.1549665063447,145.1756210851667,144.23538802846997,145.1549665063447,145.1549665063447,1203501
2022-07-12,146.2366807162341,146.48736244801225,145.8402793941454,146.2366807162341,146.2366807162341,1270002
2022-07-13,147.8631008325964,148.4547927714779,146.78625571305008,147.8631008325964,147.8631008325964,1663523
2022-07-14,149.61139095338086,150.3460313654897,149.2724829362282,149.61139095338086,149.61139095338086,818852
2022-07-15,145.7987795919188,146.62475276048377,145.48580666522363,145.7987795919188,145.7987795919188,923665
2022-07-16,159.15220663148335,159.40897327788468,158.88523942363543,159.15220663148335,159.15220663148335,1378723
2022-07-17,158.33519205356654,159.51370392635735,158.20102085010328,158.33519205356654,158.33519205356654,1263760
2022-07-18,159.37936155217383,159.70044963601916,158.93993025702315,159.37936155217383,159.37936155217383,778807
2022-07-19,164.6819610983307,166.20579736356618,164.0270116734216,164.6819610983307,164.6819610983307,1438841
2022-07-20,157.26520442838446,157.32459933226835,156.32661099656224,157.26520442838446,157.26520442838446,1320363
2022-07-21,165.01721594982132,165.22901337746924,164.71470765194465,165.01721594982132,165.01721594982132,1714658
2022-07-22,160.25569546508018,160.3737772647781,159.77132415585788,160.25569546508018,160.25569546508018,1287883
2022-07-23,160.96086258937436,161.66677129209276,159.87545050917885,160.96086258937436,160.96086258937436,814892
2022-07-24,163.9467305612275,164.8825212579999,163.73422997188618,163.9467305612275,163.9467305612275,1233352
2022-07-25,166.8649235228691,167.87844262029662,166.3498056458472,166.8649235228691,166.8649235228691,1380823
2022-07-26,169.42825584434817,169.6302359242765,168.6557997504591,169.42825584434817,169.42825584434817,1132946
2022-07-27,165.76912567517212,167.4159674648207,165.2342266014808,165.76912567517212,165.76912567517212,805489
2022-07-28,165.928738199646,167.53192776132263,165.53581005748126,165.928738199646,165.928738199646,866502
2022-07-29,168.84249408202564,169.90430256248763,167.90622299368525,168.84249408202564,168.84249408202564,606516
2022-07-30,165.2499109871916,165.67216905406178,164.7402176183989,165.2499109871916,165.2499109871916,1134939
2022-07-31,168.47618064504908,169.3644734758143,168.40560700541266,168.47618064504908,168.47618064504908,906182
2022-08-01,163.43116472964115,163.8789712475956,163.07062372709856,163.43116472964115,163.43116472964115,830106
2022-08-02,157.41071314301016,158.08193079534934,157.26994219875445,157.41071314301016,157.41071314301016,872455
2022-08-03,155.81164475629654,157.12836922917566,155.4918958748706,155.81164475629654,155.81164475629654,596020
2022-08-04,156.44876936368883,156.49798214217034,155.2476445845759,156.44876936368883,156.44876936368883,1074870
2022-08-05,150.80677261676288,151.25195044964335,150.3273685600385,150.80677261676288,150.80677261676288,1521454
2022-08-06,154.0250674640794,154.03409566013997,152.72456032692648,154.0250674640794,154.0250674640794,1268097
2022-08-07,152.28996754139067,152.2939731467113,151.92183303433535,152.28996754139067,152.28996754139067,992435
2022-08-08,157.42429405634493,158.27334078878255,157.08563202256346,157.42429405634493,157.42429405634493,569940
2022-08-09,158.66156371573354,159.77947849387644,158.43936049218877,158.66156371573354,158.66156371573354,864887
2022-08-10,166.21520505988875,166.49478174978503,166.1359701134413,166.21520505988875,166.21520505988875,1052678
2022-08-11,161.37939686831365,161.44260421489847,161.2050448858226,161.37939686831365,161.37939686831365,1657581
2022-08-12,154.1507667567324,154.40918483379943,153.7284450137921,154.1507667567324,154.1507667567324,1578343
2022-08-13,155.05200984963435,155.50111917190577,154.30323232939492,155.05200984963435,155.05200984963435,842836
2022-08-14,153.20123631143784,155.41989131641165,152.51687919194006,153.20123631143784,153.20123631143784,1070098
2022-08-15,152.70417292877036,153.1866275827619,151.54510853915775,152.70417292877036,152.70417292877036,533830
2022-08-16,145.55254233654637,146.27131220152813,145.48884283742993,145.55254233654637,145.55254233654637,1010879
2022-08-17,146.78001884961103,148.08098580676744,146.5592019784987,146.78001884961103,146.78001884961103,1136472
2022-08-18,149.25032513161014,149.8895367787187,149.00513416530603,149.25032513161014,149.25032513161014,1087166
2022-08-19,152.80417751359997,152.94261331250297,152.65216591443524,152.80417751359997,152.80417751359997,603720
2022-08-20,157.73667816247467,159.22384335102797,157.4254393061493,157.73667816247467,157.73667816247467,1684961
2022-08-21,158.66148358207244,159.61274961765145,158.5697271109032,158.66148358207244,158.66148358207244,1015867
2022-08-22,150.9956003822489,151.72025185533144,150.88778589261355,150.9956003822489,150.9956003822489,1164446
2022-08-23,152.4314747602835,153.92593399833493,150.6828629036467,152.4314747602835,152.4314747602835,1002523
2022-08-24,151.87356491679608,152.69412389587788,151.44957740362736,151.87356491679608,151.87356491679608,1225223
2022-08-25,151.39045355091224,151.78132070192987,150.75846905653052,151.39045355091224,151.39045355091224,1107955
2022-08-26,146.405086028032,146.96676873918173,145.47703130956626,146.405086028032,146.405086028032,986821
2022-08-27,145.40808974438275,146.22797084879988,143.38684481982665,145.40808974438275,145.40808974438275,861699
2022-08-28,152.19021312598844,153.17722438220633,151.92027787639194,152.19021312598844,152.19021312598844,978648
2022-08-29,150.62173436189582,151.06670614524512,150.23263714300768,150.62173436189582,150.62173436189582,1305722
2022-08-30,149.5838779837335,149.85305876745704,149.58236597547915,149.5838779837335,149.5838779837335,1420986
2022-08-31,160.57483652506707,160.86540208747343,160.16439511777224,160.57483652506707,160.57483652506707,923164
2022-09-01,164.89015322297706,166.12380865668734,163.99393738507027,164.89015322297706,164.89015322297706,640798
2022-09-02,160.8833105680949,161.70948901224784,160.33904649257036,160.8833105680949,160.8833105680949,-59797
2022-09-03,161.27436241233505,161.27461397908888,160.20853349003582,161.27436241233505,161.27436241233505,1241482
2022-09-04,170.933017359373,172.14228602176027,170.556830888667,170.933017359373,170.933017359373,1109098
2022-09-05,176.85533092274247,177.05806153523105,175.41166209061777,176.85533092274247,176.85533092274247,723445
2022-09-06,178.72872155963492,180.07993375456897,176.1861173080557,178.72872155963492,178.72872155963492,1092813
2022-09-07,177.93276980114024,179.49266075791948,177.65978476733548,177.93276980114024,177.93276980114024,1392968
2022-09-08,178.5659540662266,179.56097806402042,178.2157380058887,178.5659540662266,178.5659540662266,806640
2022-09-09,194.60540556704504,195.0576556541202,194.04205227599616,194.60540556704504,194.60540556704504,1256665
2022-09-10,196.8865856749212,197.8943265648908,196.28197202998916,196.8865856749212,196.8865856749212,578939
2022-09-11,184.28427797359927,184.6485177114871,183.6340564606697,184.28427797359927,184.28427797359927,962997
2022-09-12,180.41727282581792,180.8124419191853,179.22322891711798,180.41727282581792,180.41727282581792,862882
2022-09-13,176.06509792506844,176.39296084885285,174.0770806046026,176.06509792506844,176.06509792506844,1339862
2022-09-14,180.47597815454984,181.06740639755455,179.85662807554624,180.47597815454984,180.47597815454984,625167
2022-09-15,180.08659681899326,180.50969170069652,179.63967139354114,180.08659681899326,180.08659681899326,1141624
2022-09-16,180.98841974781226,181.4735181116805,180.8403351513159,180.98841974781226,180.98841974781226,866824
2022-09-17,186.71328129525907,187.4431578517052,185.28003361882267,186.71328129525907,186.71328129525907,1180965
2022-09-18,188.06975822215105,188.19022317215044,187.38685767735916,188.06975822215105,188.06975822215105,1109743
2022-09-19,197.34179715374194,198.2055174513297,196.90636040745937,197.34179715374194,197.34179715374194,775209
2022-09-20,198.91933649363776,199.36632636805535,196.33568071202103,198.91933649363776,198.91933649363776,702183
2022-09-21,188.2021962780776,189.05685681978318,188.05591762587196,188.2021962780776,188.2021962780776,908291
2022-09-22,189.36539569849307,190.72915885687567,188.20180608269158,189.36539569849307,189.36539569849307,1612620
2022-09-23,199.91681571250962,200.085578396388,199.43596357152572,199.91681571250962,199.91681571250962,1585281
2022-09-24,208.03374277521488,208.14731106446516,206.1960538952642,208.03374277521488,208.03374277521488,863072
2022-09-25,215.38060110802954,215.86448181369371,215.12394404573988,215.38060110802954,215.38060110802954,1418216
2022-09-26,217.8248805726061,218.66690440431572,216.0712810109015,217.8248805726061,217.8248805726061,805651
2022-09-27,222.57480737960105,222.7018469608669,221.868193590826,222.57480737960105,222.57480737960105,925082
2022-09-28,225.81808351410425,227.37345607481018,225.71477253343113,225.81808351410425,225.81808351410425,803966
2022-09-29,226.2243589827839,228.05561434437405,224.85332434886118,226.2243589827839,226.2243589827839,770529
2022-09-30,238.17832500790644,239.10201952612462,236.15844103026546,238.17832500790644,238.17832500790644,1016676
2022-10-01,233.4400455573642,234.91704785268288,232.45818247626823,233.4400455573642,233.4400455573642,873942
2022-10-02,225.72147218520232,227.00065365757234,225.64706771613825,225.72147218520232,225.72147218520232,667436
2022-10-03,224.82400728188915,225.6116423795465,223.72756129616135,224.82400728188915,224.82400728188915,1043558
2022-10-04,224.50514501350227,224.70177491123835,223.49073583263672,224.50514501350227,224.50514501350227,771666
2022-10-05,205.97874766633473,206.31425728746842,205.6793841717374,205.97874766633473,205.97874766633473,1530759
2022-10-06,212.17361280136183,212.5034034622726,211.2946737098738,212.17361280136183,212.17361280136183,410552
2022-10-07,225.17027786824193,227.11881615179604,224.95416184797247,225.17027786824193,225.17027786824193,1089813
2022-10-08,227.96224285064895,228.16559661387535,226.21967519036497,227.96224285064895,227.96224285064895,704353
2022-10-09,222.95563505634158,224.47011215599818,222.72614646257577,222.95563505634158,222.95563505634158,1003341
2022-10-10,226.85006214604763,227.75243106324305,226.56613637241895,226.85006214604763,226.85006214604763,632496
2022-10-11,224.71621072979244,225.00297612844716,224.30017866510553,224.71621072979244,224.71621072979244,584615
2022-10-12,225.20745164883292,227.45612607257775,224.98965261737948,225.20745164883292,225.20745164883292,714929
2022-10-13,218.87521300322342,218.94085883279197,218.75240637021054,218.87521300322342,218.87521300322342,689283
2022-10-14,226.85267884151384,227.88722428466056,226.39799904607273,226.85267884151384,226.85267884151384,1234652
2022-10-15,226.46558837467,227.46054966575372,225.33325525327902,226.46558837467,226.46558837467,1429385
2022-10-16,231.25523685305606,232.36464055973272,229.42210804632896,231.25523685305606,231.25523685305606,856170
2022-10-17,226.74573081354592,227.57784559864407,225.60397285372096,226.74573081354592,226.74573081354592,956006
2022-10-18,226.0340334067924,227.4297613792669,225.53749906208012,226.0340334067924,226.0340334067924,693670
2022-10-19,233.0524647486723,233.4433844097034,232.647354371247,233.0524647486723,233.0524647486723,1193095
2022-10-20,248.40171805501114,249.0759420997083,246.73316420173956,248.40171805501114,248.40171805501114,1175014
2022-10-21,248.49047006695406,248.53876488009283,247.37803763313474,248.49047006695406,248.49047006695406,517937
2022-10-22,238.8146080204135,239.18973943043156,238.53985147155473,238.8146080204135,238.8146080204135,1293570
2022-10-23,240.08342008508723,241.09843764079284,239.7407999985029,240.08342008508723,240.08342008508723,988745
2022-10-24,235.80168911280478,236.81010900517037,233.6210831126518,235.80168911280478,235.80168911280478,-172825
2022-10-25,227.82228896558195,227.8469269044689,227.4010032541101,227.82228896558195,227.82228896558195,1287491
2022-10-26,238.11544845551293,239.34555575250664,235.42194411256617,238.11544845551293,238.11544845551293,1113553
2022-10-27,252.21896484355455,253.0426715259232,248.3861643920346,252.21896484355455,252.21896484355455,617991
2022-10-28,253.29916149419827,254.7878349195979,252.9429288248599,253.29916149419827,253.29916149419827,879045
2022-10-29,250.48296614057142,250.82884158824356,250.45123464700166,250.48296614057142,250.48296614057142,762905
2022-10-30,250.36534713444246,250.5885086559271,249.01000144536894,250.36534713444246,250.36534713444246,836556
2022-10-31,266.0024318826931,267.74391748867504,264.7287628236859,266.0024318826931,266.0024318826931,1587576
2022-11-01,250.5594144395214,250.63978776202882,250.10638030935795,250.5594144395214,250.5594144395214,1017660
2022-11-02,254.58283819137782,255.53341035005113,254.0012423107017,254.58283819137782,254.58283819137782,738795
2022-11-03,261.7950907293459,262.02601620168394,259.9454529714556,261.7950907293459,261.7950907293459,1437867
2022-11-04,253.49613824158087,253.69651455381265,253.08501908002117,253.49613824158087,253.49613824158087,1094838
2022-11-05,252.1704505160952,252.85000040205358,252.0623174552286,252.1704505160952,252.1704505160952,1077896
2022-11-06,258.10168747719104,258.3416004040847,257.7507541226463,258.10168747719104,258.10168747719104,836959
2022-11-07,256.652687911224,259.3786130474282,256.076948995514,256.652687911224,256.652687911224,815201
2022-11-08,271.93496562763823,272.18901648539884,270.253889777737,271.93496562763823,271.93496562763823,1012231
2022-11-09,271.51364183182903,273.61346602336386,271.2534945430579,271.51364183182903,271.51364183182903,972225
2022-11-10,278.4209245664429,279.3716707585105,277.8802394855185,278.4209245664429,278.4209245664429,1562146
2022-11-11,271.398322089383,272.2994761044745,270.3013874983455,271.398322089383,271.398322089383,663413
2022-11-12,275.9200452351765,276.39847142475736,272.50348831530846,275.9200452351765,275.9200452351765,985536
2022-11-13,265.69829890011164,266.49439259281013,265.6312204299782,265.69829890011164,265.69829890011164,832616
2022-11-14,276.11260068332183,276.9658232970448,273.72245218645895,276.11260068332183,276.11260068332183,896332
2022-11-15,275.0397025771026,276.27656131676724,274.9690305240652,275.0397025771026,275.0397025771026,731990
2022-11-16,266.1713580278923,267.3022737889329,265.45859863333254,266.1713580278923,266.1713580278923,856816
2022-11-17,273.8085143685338,274.00896727223795,272.7540822745648,273.8085143685338,273.8085143685338,1002599
2022-11-18,259.82703422460906,260.54463468697634,259.3821417262773,259.82703422460906,259.82703422460906,945599
2022-11-19,260.1879652348536,260.62510896868224,259.97070020914475,260.1879652348536,260.1879652348536,1063093
2022-11-20,266.71628213984707,266.98209267184654,266.1046672155365,266.71628213984707,266.71628213984707,1656400
2022-11-21,268.3657130134304,270.3109859050795,266.9773423529211,268.3657130134304,268.3657130134304,1101420
2022-11-22,267.0131810863991,269.4073894747345,266.8356387171787,267.0131810863991,267.0131810863991,441618
2022-11-23,266.4114886947235,266.838744674904,266.03089569130924,266.4114886947235,266.4114886947235,768922
2022-11-24,257.1834220460921,257.5005698769058,255.3114195497869,257.1834220460921,257.1834220460921,1127297
2022-11-25,248.24768371573833,248.47641612984484,247.09875243886466,248.24768371573833,248.24768371573833,1155756
2022-11-26,248.0619500124726,250.50387044115502,247.5553873693859,248.0619500124726,248.0619500124726,1156067
2022-11-27,262.06326538368,263.2267151301494,261.31439165616706,262.06326538368,262.06326538368,1346220
2022-11-28,272.16721412681926,273.5359055736155,272.04515066774957,272.16721412681926,272.16721412681926,987308
2022-11-29,260.9220147216208,261.5483094575747,259.85443910644256,260.9220147216208,260.9220147216208,1511807
2022-11-30,255.87995983712477,256.16569815417034,254.36375699563982,255.87995983712477,255.87995983712477,1171150
2022-12-01,263.16882691439076,265.6554631704905,260.5849228046418,263.16882691439076,263.16882691439076,1139826
2022-12-02,263.13474644703814,263.58990127420094,261.3151886647818,263.13474644703814,263.13474644703814,1228948
2022-12-03,255.10781409434725,255.39954267845425,254.8821468557032,255.10781409434725,255.10781409434725,995814
2022-12-04,243.32760711042076,244.62102101446382,242.7695399569087,243.32760711042076,243.32760711042076,1153857
2022-12-05,227.7492738370091,227.81259981448827,225.46607413880972,227.7492738370091,227.7492738370091,552861
2022-12-06,231.0554911098435,232.34339949965917,230.2555626768388,231.0554911098435,231.0554911098435,1134166
2022-12-07,229.67609673791807,231.17716334526006,229.4947555857329,229.67609673791807,229.67609673791807,629708
2022-12-08,226.3573995608869,227.03102277466286,225.91341873190694,226.3573995608869,226.3573995608869,613036
2022-12-09,247.96436348262057,248.72657085455555,247.80461422846102,247.96436348262057,247.96436348262057,826170
2022-12-10,246.25730167358765,247.15075045183823,245.73844821543133,246.25730167358765,246.25730167358765,1085523
2022-12-11,256.9344986755936,258.154314574082,256.64814216295633,256.9344986755936,256.9344986755936,1293076
2022-12-12,243.20856243530986,244.3494344567404,241.1275111972056,243.20856243530986,243.20856243530986,597507
2022-12-13,230.5507793580038,233.4842936485092,229.6663477345833,230.5507793580038,230.5507793580038,1453094
2022-12-14,222.5201943411563,224.04121618479104,220.82587667201292,222.5201943411563,222.5201943411563,976539
2022-12-15,228.3694475279587,229.13374728089792,227.9407002369133,228.3694475279587,228.3694475279587,1240869
2022-12-16,222.37709405109513,222.77822933385045,221.71870534768004,222.37709405109513,222.37709405109513,589244
2022-12-17,222.8439404193985,222.9900433294859,222.6646991458467,222.8439404193985,222.8439404193985,1762972
2022-12-18,227.37649540915174,228.29132637189122,227.15387896173183,227.37649540915174,227.37649540915174,1407868
2022-12-19,231.9427087079732,232.51059180178467,231.66492808789855,231.9427087079732,231.9427087079732,942041
2022-12-20,240.45793049118603,241.73943452950445,239.28396052891006,240.45793049118603,240.45793049118603,804982
2022-12-21,240.47853596990925,241.57933205066843,239.02896002775512,240.47853596990925,240.47853596990925,1219441
2022-12-22,240.47642642344343,241.45987533319058,240.179633808361,240.47642642344343,240.47642642344343,770469
2022-12-23,238.31546509522923,238.67183129953204,235.76495281873946,238.31546509522923,238.31546509522923,1355584
2022-12-24,238.86147731447426,240.06532793683408,238.76828872412352,238.86147731447426,238.86147731447426,968810
2022-12-25,232.87158591604137,233.51871652993088,232.31991493161968,232.87158591604137,232.87158591604137,1091206
2022-12-26,231.70223792252946,232.81759851320393,231.33671415533573,231.70223792252946,231.70223792252946,912835
2022-12-27,220.68168865723928,221.1564253137181,220.25108955745128,220.68168865723928,220.68168865723928,789574
2022-12-28,227.4233952384792,227.90988032092346,226.2802563003585,227.4233952384792,227.4233952384792,575068
2022-12-29,229.05022036998875,231.375312336313,227.47712031959242,229.05022036998875,229.05022036998875,699591
2022-12-30,226.04688035952753,226.43706039908153,225.54864922383166,226.04688035952753,226.04688035952753,1284495
2022-12-31,220.03963899286674,221.08976921017407,219.29929504773673,220.03963899286674,220.03963899286674,855738
